연월,No,monaCode,구분,소속,직위,성명,정당(2026.02.26),재선횟수,위원회(2026.02.26),종전가액,증가액,감소액,현재가액,증감액,가액변동
202503,1,XBT9550Q,1.국회의원,국회,국회의장,우원식,무소속,5선,의장,"2,551,815","176,881","96,302","2,632,394","80,579","-19,261"
202503,2,K5F2023J,1.국회의원,국회,국회부의장,이학영,더불어민주당,4선,기후에너지환경노동위원회,"1,712,722","506,295","518,281","1,700,736","-11,986","-6,852"
202503,3,8SV6917G,1.국회의원,국회,국회부의장,주호영,국민의힘,6선,행정안전위원회,"4,006,554","260,707","65,410","4,201,851","195,297","-9,910"
202503,4,T2T8225E,1.국회의원,국회,국회의원,강경숙,조국혁신당,초선,교육위원회,"2,273,493","1,192,250","1,049,806","2,415,937","142,444",0
202503,5,L2I9861C,1.국회의원,국회,국회의원,강대식,국민의힘,재선,국방위원회,"682,875","562,161","333,873","911,163","228,288",0
202503,6,8P37634C,1.국회의원,국회,국회의원,강득구,더불어민주당,재선,"기후위기 특별위원회, 기후에너지환경노동위원회","1,290,388","198,025","124,044","1,364,369","73,981","-5,650"
202503,7,9901388T,1.국회의원,국회,국회의원,강명구,국민의힘,초선,"정무위원회, 대미투자특별법 처리를 위한 특별위원회","340,124","20,475","164,520","196,079","-144,045","-17,710"
202503,8,GX22581L,1.국회의원,국회,국회의원,강민국,국민의힘,재선,"정무위원회, 대미투자특별법 처리를 위한 특별위원회","1,584,157","1,017,914","829,736","1,772,335","188,178","-4,383"
202503,9,NQO7187X,1.국회의원,국회,국회의원,강선영,국민의힘,초선,"국방위원회, 윤석열정부의비상계엄선포를통한내란혐의진상규명국정조사특별위원회, 국회운영위원회","1,016,405","81,161","15,391","1,082,175","65,770","-3,100"
202503,10,MNZ4401T,1.국회의원,국회,국회의원,강선우,무소속,재선,외교통일위원회,"97,065","-14,455","-202,626","285,236","188,171","89,800"
202503,11,42K7317Y,1.국회의원,국회,국회의원,강승규,국민의힘,재선,"예산결산특별위원회, 대미투자특별법 처리를 위한 특별위원회, 산업통상자원중소벤처기업위원회","1,874,152","337,834","204,298","2,007,688","133,536","1,155"
202503,12,Q129715Y,1.국회의원,국회,국회의원,강유정,사퇴,초선,사퇴,"2,898,035","212,841","30,558","3,080,318","182,283",200
202503,13,5KV96424,1.국회의원,국회,국회의원,강준현,더불어민주당,재선,정무위원회,"1,559,356","523,938","445,725","1,637,569","78,213",-122
202503,14,TRE2429O,1.국회의원,국회,국회의원,강훈식,사퇴,3선,사퇴,"637,650","255,030","164,146","728,534","90,884","-2,407"
202503,15,HS39431V,1.국회의원,국회,국회의원,고동진,국민의힘,초선,행정안전위원회,"33,301,078","3,511,082","5,138,040","31,674,120","-1,626,958","-1,019,870"
202503,16,WCD5518S,1.국회의원,국회,국회의원,고민정,더불어민주당,재선,"교육위원회, 예산결산특별위원회","903,285","173,782","99,059","978,008","74,723",0
202503,17,REG96285,1.국회의원,국회,국회의원,곽규택,국민의힘,초선,"법제사법위원회, 순직 해병 수사 방해 및 사건 은폐 등의 진실규명을 위한 국정조사특별위원회, 윤석열정부의비상계엄선포를통한내란혐의진상규명국정조사특별위원회, 국회운영위원회, 감사원장(김호철) 임명동의에 관한 인사청문특별위원회","1,174,690","-40,159","53,003","1,081,528","-93,162","-2,460"
202503,18,FIE6569O,1.국회의원,국회,국회의원,곽상언,더불어민주당,초선,"예산결산특별위원회, 기후에너지환경노동위원회","1,527,581","349,373","95,176","1,781,778","254,197","-1,604"
202503,19,7469929V,1.국회의원,국회,국회의원,구자근,국민의힘,재선,산업통상자원중소벤처기업위원회,"592,006","183,231","30,084","745,153","153,147",-780
202503,20,GDG1847Z,1.국회의원,국회,국회의원,권성동,국민의힘,5선,보건복지위원회,"4,978,771","246,690","50,248","5,175,213","196,442","36,156"
202503,21,LG63087O,1.국회의원,국회,국회의원,권영세,국민의힘,5선,"정보위원회, 기획재정위원회, 재정경제기획위원회","4,427,872","-761,931","-911,983","4,577,924","150,052","31,520"
202503,22,LYY5513O,1.국회의원,국회,국회의원,권영진,국민의힘,재선,"국토교통위원회, 12.29여객기참사진상규명과피해자및유가족의피해구제를위한특별위원회","2,029,051","234,985","131,076","2,132,960","103,909","-3,465"
202503,23,C7E79345,1.국회의원,국회,국회의원,권칠승,더불어민주당,3선,행정안전위원회,"751,690","104,505","102,662","753,533","1,843",-400
202503,24,EFU76868,1.국회의원,국회,국회의원,권향엽,더불어민주당,초선,"산업통상자원중소벤처기업위원회, 12.29여객기참사진상규명과피해자및유가족의피해구제를위한특별위원회","509,946","36,130","270,480","275,596","-234,350","-183,000"
202503,25,TQP7167T,1.국회의원,국회,국회의원,김건,국민의힘,초선,외교통일위원회,"2,511,115","460,043","377,257","2,593,901","82,786","-3,180"
202503,26,X1K3667J,1.국회의원,국회,국회의원,김교흥,더불어민주당,3선,문화체육관광위원회,"891,622","246,317","86,354","1,051,585","159,963","49,098"
202503,27,HE08888N,1.국회의원,국회,국회의원,김기웅,국민의힘,초선,"외교통일위원회, 예산결산특별위원회","1,349,608","105,604","-150,507","1,605,719","256,111",-340
202503,28,3CC88975,1.국회의원,국회,국회의원,김기표,더불어민주당,초선,"법제사법위원회, 국회운영위원회, 감사원장(김호철) 임명동의에 관한 인사청문특별위원회","3,015,754","223,628","271,535","2,967,847","-47,907","14,036"
202503,29,X7I4680R,1.국회의원,국회,국회의원,김기현,국민의힘,5선,"외교통일위원회, 2025 아시아태평양경제협력체(APEC) 정상회의 지원 특별위원회","7,073,742","38,074","202,508","6,909,308","-164,434","-56,985"
202503,30,IUX1829H,1.국회의원,국회,국회의원,김남근,더불어민주당,초선,"예산결산특별위원회, 국회운영위원회, 정무위원회","3,967,932","2,093,279","1,446,554","4,614,657","646,725","-3,626"
202503,31,NXB3178C,1.국회의원,국회,국회의원,김남희,더불어민주당,초선,"보건복지위원회, 연금개혁 특별위원회, 성평등가족위원회, 감사원장(김호철) 임명동의에 관한 인사청문특별위원회","2,360,750","383,204","139,314","2,604,640","243,890","-5,223"
202503,32,ANS8383S,1.국회의원,국회,국회의원,김대식,국민의힘,초선,"교육위원회, 12.29여객기참사진상규명과피해자및유가족의피해구제를위한특별위원회, 예산결산특별위원회","3,348,885","344,515","147,653","3,545,747","196,862","12,699"
202503,33,LH97552Q,1.국회의원,국회,국회의원,김도읍,국민의힘,4선,국토교통위원회,"4,946,209","139,228","15,724","5,069,713","123,504","142,625"
202503,34,MIS62075,1.국회의원,국회,국회의원,김동아,더불어민주당,초선,"산업통상자원중소벤처기업위원회, 12.29 여객기 참사 진상규명을 위한 국정조사특별위원회","1,824,848","933,507","1,214,519","1,543,836","-281,012","-3,490"
202503,35,86R9476S,1.국회의원,국회,국회의원,김문수,더불어민주당,초선,"교육위원회, 12.29 여객기 참사 진상규명을 위한 국정조사특별위원회, 정치개혁특별위원회","57,873","39,420","-191,882","289,175","231,302","-1,757"
202503,36,3BC6890E,1.국회의원,국회,국회의원,김미애,국민의힘,재선,"보건복지위원회, 12.29여객기참사진상규명과피해자및유가족의피해구제를위한특별위원회, 12.29 여객기 참사 진상규명을 위한 국정조사특별위원회, 감사원장(김호철) 임명동의에 관한 인사청문특별위원회","2,563,192","664,129","650,897","2,576,424","13,232","-33,056"
202503,37,MLH1404S,1.국회의원,국회,국회의원,김민석,더불어민주당,4선,국방위원회,"-59,320","239,554","25,305","154,929","214,249","-4,930"
202503,38,TCP9838Y,1.국회의원,국회,국회의원,김민전,국민의힘,초선,교육위원회,"2,665,094","-1,038,292","7,484","1,619,318","-1,045,776",0
202503,39,8Q88373R,1.국회의원,국회,국회의원,김병기,무소속,3선,국방위원회,"3,269,538","1,202,959","928,468","3,544,029","274,491","99,669"
202503,40,GF286398,1.국회의원,국회,국회의원,김병주,더불어민주당,재선,"국방위원회, 순직 해병 수사 방해 및 사건 은폐 등의 진실규명을 위한 국정조사특별위원회, 윤석열정부의비상계엄선포를통한내란혐의진상규명국정조사특별위원회","1,234,123","255,108","244,891","1,244,340","10,217","16,945"
202503,41,VDN5593C,1.국회의원,국회,국회의원,김상욱,더불어민주당,초선,"예산결산특별위원회, 외교통일위원회, 12.29여객기참사진상규명과피해자및유가족의피해구제를위한특별위원회, 12.29 여객기 참사 진상규명을 위한 국정조사특별위원회","1,631,974","882,049","689,205","1,824,818","192,844",0
202503,42,1Y73132H,1.국회의원,국회,국회의원,김상훈,국민의힘,4선,"정무위원회, 대미투자특별법 처리를 위한 특별위원회","1,258,431","334,073","331,513","1,260,991","2,560","-39,574"
202503,43,ZYP7962W,1.국회의원,국회,국회의원,김석기,국민의힘,3선,외교통일위원회,"1,672,936","511,887","396,394","1,788,429","115,493","74,787"
202503,44,JNL7001A,1.국회의원,국회,국회의원,김선교,국민의힘,재선,농림축산식품해양수산위원회,"477,028","647,221","414,826","709,423","232,395","-4,461"
202503,45,7GW5372Y,1.국회의원,국회,국회의원,김선민,조국혁신당,초선,보건복지위원회,"1,421,664","338,303","197,055","1,562,912","141,248","-3,826"
202503,46,9D939735,1.국회의원,국회,국회의원,김성원,국민의힘,3선,산업통상자원중소벤처기업위원회,"870,200","79,790","-19,253","969,243","99,043","35,950"
202503,47,XSP20229,1.국회의원,국회,국회의원,김성환,더불어민주당,3선,산업통상자원중소벤처기업위원회,"1,012,801","139,727","57,107","1,095,421","82,620","-2,970"
202503,48,88O1334C,1.국회의원,국회,국회의원,김성회,더불어민주당,초선,"행정안전위원회, 순직 해병 수사 방해 및 사건 은폐 등의 진실규명을 위한 국정조사특별위원회, 예산결산특별위원회, 기후위기 특별위원회, 12.29 여객기 참사 진상규명을 위한 국정조사특별위원회, 국회운영위원회","529,868","-81,391","-52,994","501,471","-28,397","29,126"
202503,49,1SR94244,1.국회의원,국회,국회의원,김소희,국민의힘,초선,"기후위기 특별위원회, 기후에너지환경노동위원회, 12.29 여객기 참사 진상규명을 위한 국정조사특별위원회","924,880","378,708","133,023","1,170,565","245,685","-65,111"
202503,50,5K93695T,1.국회의원,국회,국회의원,김승수,국민의힘,재선,"문화체육관광위원회, 정치개혁특별위원회","1,974,213","493,568","330,982","2,136,799","162,586","-6,255"
202503,51,ATB59635,1.국회의원,국회,국회의원,김승원,더불어민주당,재선,"정무위원회, 예산결산특별위원회, 감사원장(김호철) 임명동의에 관한 인사청문특별위원회","476,931","94,128","49,198","521,861","44,930",-562
202503,52,B7D7534L,1.국회의원,국회,국회의원,김영배,더불어민주당,재선,외교통일위원회,"977,665","290,034","144,948","1,122,751","145,086",-700
202503,53,5765663F,1.국회의원,국회,국회의원,김영진,더불어민주당,3선,"기획재정위원회, 정보위원회, 재정경제기획위원회","1,110,334","419,895","347,376","1,182,853","72,519","1,029"
202503,54,7BM2933Y,1.국회의원,국회,국회의원,김영호,더불어민주당,3선,교육위원회,"1,112,357","-227,673","-429,510","1,314,194","201,837","7,671"
202503,55,8O34202I,1.국회의원,국회,국회의원,김영환,더불어민주당,초선,"기획재정위원회, 재정경제기획위원회","1,510,720","502,851","336,886","1,676,685","165,965",-56
202503,56,CNZ51556,1.국회의원,국회,국회의원,김예지,국민의힘,재선,보건복지위원회,"928,208","204,246","181,666","950,788","22,580","20,000"
202503,57,NB64509Z,1.국회의원,국회,국회의원,김용만,더불어민주당,초선,"정무위원회, 예산결산특별위원회","133,548","244,647","78,180","300,015","166,467","-6,285"
202503,58,OFE45081,1.국회의원,국회,국회의원,김용민,더불어민주당,재선,법제사법위원회,"968,530","122,067","129,151","961,446","-7,084","-108,100"
202503,59,EPI69383,1.국회의원,국회,국회의원,김용태,국민의힘,초선,"교육위원회, 기후위기 특별위원회, 연금개혁 특별위원회","1,791,853","39,577","22,175","1,809,255","17,402","-10,582"
202503,60,3UI95829,1.국회의원,국회,국회의원,김우영,더불어민주당,초선,과학기술정보방송통신위원회,"293,185","84,035","20,278","356,942","63,757",0
202503,61,4L695580,1.국회의원,국회,국회의원,김원이,더불어민주당,재선,"산업통상자원중소벤처기업위원회, 기후위기 특별위원회","1,410,880","717,709","625,269","1,503,320","92,440","-9,230"
202503,62,LCZ1711I,1.국회의원,국회,국회의원,김위상,국민의힘,초선,"예산결산특별위원회, 기후에너지환경노동위원회","1,825,454","71,702","61,571","1,835,585","10,131",0
202503,63,5N65159P,1.국회의원,국회,국회의원,김윤,더불어민주당,초선,보건복지위원회,"3,685,821","442,155","433,031","3,694,945","9,124","-46,699"
202503,64,JZY9937U,1.국회의원,국회,국회의원,김윤덕,더불어민주당,3선,문화체육관광위원회,"1,199,865","846,661","586,952","1,459,574","259,709","10,576"
202503,65,L5P27909,1.국회의원,국회,국회의원,김은혜,국민의힘,재선,"국토교통위원회, 12.29여객기참사진상규명과피해자및유가족의피해구제를위한특별위원회, 국회운영위원회, 12.29 여객기 참사 진상규명을 위한 국정조사특별위원회, 정치개혁특별위원회","26,884,696","2,352,574","1,844,879","27,392,391","507,695","28,438"
202503,66,X7E7893P,1.국회의원,국회,국회의원,김장겸,국민의힘,초선,과학기술정보방송통신위원회,"3,284,872","448,145","250,891","3,482,126","197,254","34,668"
202503,67,57B28032,1.국회의원,국회,국회의원,김재섭,국민의힘,초선,"연금개혁 특별위원회, 법제사법위원회, 정치개혁특별위원회","336,066","77,954","-102,313","516,333","180,267","-6,077"
202503,68,DMP1439I,1.국회의원,국회,국회의원,김재원,조국혁신당,초선,"문화체육관광위원회, 2025 아시아태평양경제협력체(APEC) 정상회의 지원 특별위원회, 예산결산특별위원회","714,357","15,017","243,035","486,339","-228,018","-282,791"
202503,69,E1J8836Y,1.국회의원,국회,국회의원,김정재,국민의힘,3선,국토교통위원회,"898,970","395,576","284,584","1,009,962","110,992","16,268"
202503,70,9LD2641Q,1.국회의원,국회,국회의원,김정호,더불어민주당,3선,"기후위기 특별위원회, 산불피해지원대책 특별위원회, 기후에너지환경노동위원회","695,482","324,145","169,684","849,943","154,461","46,224"
202503,71,M2Q9024I,1.국회의원,국회,국회의원,김종민,무소속,3선,"산업통상자원중소벤처기업위원회, 기후위기 특별위원회","443,970","136,410","133,747","446,633","2,663",0
202503,72,N378078V,1.국회의원,국회,국회의원,김종양,국민의힘,초선,국토교통위원회,"3,920,079","221,598","156,225","3,985,452","65,373","-8,230"
202503,73,D6U6678O,1.국회의원,국회,국회의원,김주영,더불어민주당,재선,기후에너지환경노동위원회,"3,574,676","678,533","695,823","3,557,386","-17,290","40,220"
202503,74,YM42715P,1.국회의원,국회,국회의원,김준혁,더불어민주당,초선,교육위원회,"1,411,192","474,935","399,042","1,487,085","75,893",-53
202503,75,8A05621B,1.국회의원,국회,국회의원,김준형,조국혁신당,초선,외교통일위원회,"605,750","306,293","139,924","772,119","166,369",0
202503,76,1WE5693J,1.국회의원,국회,국회의원,김태년,더불어민주당,5선,"기획재정위원회, 재정경제기획위원회","1,027,665","179,495","103,777","1,103,383","75,718","68,986"
202503,77,6WK3815W,1.국회의원,국회,국회의원,김태선,더불어민주당,초선,"2025 아시아태평양경제협력체(APEC) 정상회의 지원 특별위원회, 기후에너지환경노동위원회","387,930","143,631","-35,870","567,431","179,501","-2,650"
202503,78,P0F1530P,1.국회의원,국회,국회의원,김태호,국민의힘,4선,외교통일위원회,"1,476,752","211,595","48,697","1,639,650","162,898","24,979"
202503,79,NUB4941Z,1.국회의원,국회,국회의원,김한규,더불어민주당,재선,"예산결산특별위원회, 성평등가족위원회, 정치개혁특별위원회, 국회운영위원회, 산업통상자원중소벤처기업위원회","5,042,965","1,152,025","354,181","5,840,809","797,844","124,000"
202503,80,7YL9580G,1.국회의원,국회,국회의원,김현,더불어민주당,재선,과학기술정보방송통신위원회,"603,992","75,136","-89,185","768,313","164,321",0
202503,81,6VC83722,1.국회의원,국회,국회의원,김현정,더불어민주당,초선,"정무위원회, 대미투자특별법 처리를 위한 특별위원회","3,041,619","818,697","614,939","3,245,377","203,758","-5,889"
202503,82,JEZ3130Q,1.국회의원,국회,국회의원,김형동,국민의힘,재선,"2025 아시아태평양경제협력체(APEC) 정상회의 지원 특별위원회, 산불피해지원대책 특별위원회, 기후에너지환경노동위원회","1,474,472","-123,894","-176,829","1,527,407","52,935","-4,094"
202503,83,HRG9655C,1.국회의원,국회,국회의원,김희정,국민의힘,3선,국토교통위원회,"4,579,845","1,230,216","1,021,269","4,788,792","208,947","-96,452"
202503,84,SLW27496,1.국회의원,국회,국회의원,나경원,국민의힘,5선,법제사법위원회,"5,897,420","1,163,456","1,107,198","5,953,678","56,258","-21,315"
202503,85,04T3751T,1.국회의원,국회,국회의원,남인순,더불어민주당,4선,"보건복지위원회, 연금개혁 특별위원회","676,894","74,020","142,000","608,914","-67,980",470
202503,86,RUZ25800,1.국회의원,국회,국회의원,노종면,더불어민주당,초선,"과학기술정보방송통신위원회, 예산결산특별위원회","2,155,101","361,642","172,659","2,344,084","188,983","-5,738"
202503,87,FJK3396E,1.국회의원,국회,국회의원,맹성규,더불어민주당,3선,국토교통위원회,"1,835,460","857,528","778,372","1,914,616","79,156","-1,461"
202503,88,J1G57517,1.국회의원,국회,국회의원,모경종,더불어민주당,초선,"행정안전위원회, 연금개혁 특별위원회","-10,610","69,765","39,628","19,527","30,137","-10,057"
202503,89,GRP3908I,1.국회의원,국회,국회의원,문금주,더불어민주당,초선,"농림축산식품해양수산위원회, 12.29여객기참사진상규명과피해자및유가족의피해구제를위한특별위원회, 국회운영위원회","1,143,449","491,092","103,847","1,530,694","387,245",434
202503,90,D9I3309M,1.국회의원,국회,국회의원,문대림,더불어민주당,초선,농림축산식품해양수산위원회,"1,834,447","670,053","954,665","1,549,835","-284,612","-16,128"
202503,91,GOC54665,1.국회의원,국회,국회의원,문정복,더불어민주당,재선,교육위원회,"1,731,518","1,064,149","857,722","1,937,945","206,427","-3,510"
202503,92,4U29186R,1.국회의원,국회,국회의원,문진석,더불어민주당,재선,국토교통위원회,"7,790,251","198,325","5,587,690","2,400,886","-5,389,365","93,414"
202503,93,TZ228122,1.국회의원,국회,국회의원,민병덕,더불어민주당,재선,"정무위원회, 윤석열정부의비상계엄선포를통한내란혐의진상규명국정조사특별위원회","668,340","-10,755","-35,088","692,673","24,333",-767
202503,94,VRY5522V,1.국회의원,국회,국회의원,민형배,더불어민주당,재선,문화체육관광위원회,"1,565,150","385,912","276,946","1,674,116","108,966","6,315"
202503,95,O6D8329R,1.국회의원,국회,국회의원,민홍철,더불어민주당,4선,"국토교통위원회, 윤석열정부의비상계엄선포를통한내란혐의진상규명국정조사특별위원회","2,387,373","499,814","322,087","2,565,100","177,727","-65,140"
202503,96,IWR8966I,1.국회의원,국회,국회의원,박균택,더불어민주당,초선,법제사법위원회,"2,460,036","242,032","99,166","2,602,902","142,866","-2,578"
202503,97,W4X85128,1.국회의원,국회,국회의원,박대출,국민의힘,4선,"기획재정위원회, 재정경제기획위원회","2,081,094","311,634","493,648","1,899,080","-182,014","9,850"
202503,98,N4R2421C,1.국회의원,국회,국회의원,박덕흠,국민의힘,4선,"행정안전위원회, 정치개혁특별위원회","56,282,974","4,776,641","7,556,409","53,503,206","-2,779,768","779,940"
202503,99,M4O5221T,1.국회의원,국회,국회의원,박민규,더불어민주당,초선,"예산결산특별위원회, 기획재정위원회, 국회운영위원회, 재정경제기획위원회","3,254,398","348,779","938,002","2,665,175","-589,223","-750,610"
202503,100,7R156073,1.국회의원,국회,국회의원,박범계,더불어민주당,4선,"순직 해병 수사 방해 및 사건 은폐 등의 진실규명을 위한 국정조사특별위원회, 정무위원회","1,213,795","571,857","635,339","1,150,313","-63,482","-79,630"
202503,101,VA04150X,1.국회의원,국회,국회의원,박상웅,국민의힘,초선,"산업통상자원중소벤처기업위원회, 대미투자특별법 처리를 위한 특별위원회","512,892","91,670","72,725","531,837","18,945","-66,962"
202503,102,HXT76735,1.국회의원,국회,국회의원,박상혁,더불어민주당,재선,정무위원회,"2,222,564","1,231,229","956,761","2,497,032","274,468","3,000"
202503,103,VZA76236,1.국회의원,국회,국회의원,박선원,더불어민주당,초선,"국방위원회, 정보위원회, 윤석열정부의비상계엄선포를통한내란혐의진상규명국정조사특별위원회","675,377","470,633","312,162","833,848","158,471","5,459"
202503,104,X3170462,1.국회의원,국회,국회의원,박성민,국민의힘,재선,산업통상자원중소벤처기업위원회,"1,180,741","788,866","669,620","1,299,987","119,246","3,310"
202503,105,IL74008M,1.국회의원,국회,국회의원,박성준,더불어민주당,재선,교육위원회,"3,059,697","1,122,739","1,048,186","3,134,250","74,553",677
202503,106,NX534083,1.국회의원,국회,국회의원,박성훈,국민의힘,초선,"기획재정위원회, 재정경제기획위원회, 대미투자특별법 처리를 위한 특별위원회","4,876,323","125,597","-1,403","5,003,323","127,000",188
202503,107,Y0X4618N,1.국회의원,국회,국회의원,박수민,국민의힘,초선,"국회운영위원회, 연금개혁 특별위원회, 행정안전위원회","2,552,047","807,165","1,848,656","1,510,556","-1,041,491","-1,775"
202503,108,FU87526G,1.국회의원,국회,국회의원,박수영,국민의힘,재선,"기획재정위원회, 재정경제기획위원회, 대미투자특별법 처리를 위한 특별위원회","3,516,760","599,096","515,311","3,600,545","83,785","8,980"
202503,109,5TQ6306B,1.국회의원,국회,국회의원,박수현,더불어민주당,재선,문화체육관광위원회,"62,367","113,371","-221,573","397,311","334,944","-1,910"
202503,110,1JI2689F,1.국회의원,국회,국회의원,박용갑,더불어민주당,초선,국토교통위원회,"1,230,666","398,353","372,646","1,256,373","25,707","-157,000"
202503,111,1A82234K,1.국회의원,국회,국회의원,박은정,조국혁신당,초선,"법제사법위원회, 순직 해병 수사 방해 및 사건 은폐 등의 진실규명을 위한 국정조사특별위원회","4,337,967","1,356,461","2,513,342","3,181,086","-1,156,881",-258
202503,112,4019850M,1.국회의원,국회,국회의원,박정,더불어민주당,3선,기후에너지환경노동위원회,"34,050,357","4,228,980","2,243,623","36,035,714","1,985,357","235,819"
202503,113,6RD62559,1.국회의원,국회,국회의원,박정하,국민의힘,재선,문화체육관광위원회,"1,151,389","265,907","125,134","1,292,162","140,773","35,043"
202503,114,HVV5250J,1.국회의원,국회,국회의원,박정현,더불어민주당,초선,"행정안전위원회, 기후위기 특별위원회, 산불피해지원대책 특별위원회","327,356","121,955","19,814","429,497","102,141","5,991"
202503,115,AEJ19639,1.국회의원,국회,국회의원,박정훈,국민의힘,초선,과학기술정보방송통신위원회,"3,944,909","1,197,894","1,477,228","3,665,575","-279,334",-818
202503,116,6AU2417B,1.국회의원,국회,국회의원,박주민,더불어민주당,3선,"보건복지위원회, 순직 해병 수사 방해 및 사건 은폐 등의 진실규명을 위한 국정조사특별위원회","1,323,191","2,033,236","1,353,805","2,002,622","679,431",-441
202503,117,G6W8250J,1.국회의원,국회,국회의원,박준태,국민의힘,초선,"순직 해병 수사 방해 및 사건 은폐 등의 진실규명을 위한 국정조사특별위원회, 윤석열정부의비상계엄선포를통한내란혐의진상규명국정조사특별위원회, 농림축산식품해양수산위원회","2,989,452","2,066,908","2,741,011","2,315,349","-674,103",0
202503,118,8BF5855P,1.국회의원,국회,국회의원,박지원,더불어민주당,5선,"법제사법위원회, 정보위원회","2,787,458","212,152","-2,540","3,002,150","214,692",0
202503,119,EMH4976E,1.국회의원,국회,국회의원,박지혜,더불어민주당,초선,"기후위기 특별위원회, 산업통상자원중소벤처기업위원회, 대미투자특별법 처리를 위한 특별위원회","2,307,734","246,976","298,674","2,256,036","-51,698",0
202503,120,BT62420K,1.국회의원,국회,국회의원,박찬대,더불어민주당,3선,정무위원회,"2,765,491","1,209,478","1,009,228","2,965,741","200,250","-4,560"
202503,121,GP21946O,1.국회의원,국회,국회의원,박충권,국민의힘,초선,"과학기술정보방송통신위원회, 국회운영위원회","17,577","60,174","22,248","55,503","37,926",0
202503,122,E2B3753X,1.국회의원,국회,국회의원,박해철,더불어민주당,초선,기후에너지환경노동위원회,"1,995,026","1,325,913","1,155,168","2,165,771","170,745","-68,989"
202503,123,6U243644,1.국회의원,국회,국회의원,박형수,국민의힘,재선,"예산결산특별위원회, 기후에너지환경노동위원회","2,151,582","283,187","171,100","2,263,669","112,087","150,727"
202503,124,S824682L,1.국회의원,국회,국회의원,박홍근,더불어민주당,4선,"기획재정위원회, 재정경제기획위원회","599,850","104,209","101,014","603,045","3,195","-10,361"
202503,125,ZW43496R,1.국회의원,국회,국회의원,박홍배,더불어민주당,초선,"연금개혁 특별위원회, 성평등가족위원회, 행정안전위원회","1,841,041","564,564","415,938","1,989,667","148,626","1,290"
202503,126,43Q3892U,1.국회의원,국회,국회의원,박희승,더불어민주당,초선,"예산결산특별위원회, 보건복지위원회","3,161,913","357,240","377,749","3,141,404","-20,509","-95,955"
202503,127,QQP4727N,1.국회의원,국회,국회의원,배준영,국민의힘,재선,"국토교통위원회, 예산결산특별위원회, 감사원장(김호철) 임명동의에 관한 인사청문특별위원회, 정치개혁특별위원회","5,261,452","1,191,016","986,694","5,465,774","204,322","240,731"
202503,128,4X525582,1.국회의원,국회,국회의원,배현진,국민의힘,재선,외교통일위원회,"407,248","259,828","5,501","661,575","254,327",0
202503,129,MDC3257K,1.국회의원,국회,국회의원,백승아,더불어민주당,초선,"교육위원회, 국회운영위원회, 감사원장(김호철) 임명동의에 관한 인사청문특별위원회","399,296","139,855","-6,600","545,751","146,455","-7,479"
202503,130,CAA7713A,1.국회의원,국회,국회의원,백종헌,국민의힘,재선,보건복지위원회,"33,304,714","1,084,366","2,033,940","32,355,140","-949,574","-350,179"
202503,131,HSS7466Y,1.국회의원,국회,국회의원,백혜련,더불어민주당,3선,"보건복지위원회, 윤석열정부의비상계엄선포를통한내란혐의진상규명국정조사특별위원회","1,667,074","431,241","207,141","1,891,174","224,100","-5,439"
202503,132,GJ56729D,1.국회의원,국회,국회의원,복기왕,더불어민주당,재선,국토교통위원회,"2,047,672","138,271","49,798","2,136,145","88,473","-1,995"
202503,133,6I88973D,1.국회의원,국회,국회의원,부승찬,더불어민주당,초선,"국방위원회, 순직 해병 수사 방해 및 사건 은폐 등의 진실규명을 위한 국정조사특별위원회, 윤석열정부의비상계엄선포를통한내란혐의진상규명국정조사특별위원회","89,467","215,070","121,047","183,490","94,023","-4,159"
202503,134,QQ429063,1.국회의원,국회,국회의원,서명옥,국민의힘,초선,"보건복지위원회, 성평등가족위원회","27,079,668","2,461,402","4,024,056","25,517,014","-1,562,654","-11,667"
202503,135,51A45980,1.국회의원,국회,국회의원,서미화,더불어민주당,초선,"국회운영위원회, 보건복지위원회","1,507,597","275,057","57,077","1,725,577","217,980","2,794"
202503,136,L7J93733,1.국회의원,국회,국회의원,서범수,국민의힘,재선,"기후위기 특별위원회, 행정안전위원회, 예산결산특별위원회, 성평등가족위원회","3,243,383","407,254","95,023","3,555,614","312,231","196,562"
202503,137,FOK3459D,1.국회의원,국회,국회의원,서삼석,더불어민주당,3선,농림축산식품해양수산위원회,"1,490,257","613,952","411,298","1,692,911","202,654","95,000"
202503,138,TKJ4800F,1.국회의원,국회,국회의원,서영교,더불어민주당,4선,"법제사법위원회, 성평등가족위원회","2,841,683","1,636,893","1,289,416","3,189,160","347,477","28,200"
202503,139,XR24352K,1.국회의원,국회,국회의원,서영석,더불어민주당,재선,보건복지위원회,"611,656","18,878","53,172","577,362","-34,294","-26,794"
202503,140,80C5885Z,1.국회의원,국회,국회의원,서왕진,조국혁신당,초선,"기후위기 특별위원회, 예산결산특별위원회, 기후에너지환경노동위원회","584,710","155,823","27,124","713,409","128,699",0
202503,141,MR210505,1.국회의원,국회,국회의원,서일준,국민의힘,재선,"산업통상자원중소벤처기업위원회, 정치개혁특별위원회","1,980,949","651,783","431,225","2,201,507","220,558","4,954"
202503,142,P7U7800Z,1.국회의원,국회,국회의원,서지영,국민의힘,초선,"교육위원회, 국회운영위원회","1,166,110","223,862","-342,547","1,732,519","566,409","436,133"
202503,143,JP222486,1.국회의원,국회,국회의원,서천호,국민의힘,초선,"농림축산식품해양수산위원회, 12.29여객기참사진상규명과피해자및유가족의피해구제를위한특별위원회, 산불피해지원대책 특별위원회, 12.29 여객기 참사 진상규명을 위한 국정조사특별위원회","1,873,665","101,703","-68,427","2,043,795","170,130",113
202503,144,7XY7109I,1.국회의원,국회,국회의원,성일종,국민의힘,3선,국방위원회,"6,659,602","170,146","172,699","6,657,049","-2,553","-4,204"
202503,145,ZDR63255,1.국회의원,국회,국회의원,소병훈,더불어민주당,3선,보건복지위원회,"3,130,647","991,496","1,052,723","3,069,420","-61,227","53,764"
202503,146,JSA8739I,1.국회의원,국회,국회의원,손명수,더불어민주당,초선,"국토교통위원회, 12.29여객기참사진상규명과피해자및유가족의피해구제를위한특별위원회","3,176,791","678,469","523,816","3,331,444","154,653","31,745"
202503,147,SQ36001H,1.국회의원,국회,국회의원,송기헌,더불어민주당,3선,"국토교통위원회, 예산결산특별위원회, 감사원장(김호철) 임명동의에 관한 인사청문특별위원회, 정치개혁특별위원회","135,279","115,358","-81,244","331,881","196,602","59,079"
202503,148,CNW5754J,1.국회의원,국회,국회의원,송석준,국민의힘,3선,"법제사법위원회, 순직 해병 수사 방해 및 사건 은폐 등의 진실규명을 위한 국정조사특별위원회","1,538,172","424,329","348,669","1,613,832","75,660","-19,442"
202503,149,6EN68926,1.국회의원,국회,국회의원,송언석,국민의힘,3선,"정보위원회, 국회운영위원회, 외교통일위원회","5,877,709","1,718,987","1,110,804","6,485,892","608,183","116,088"
202503,150,3249208I,1.국회의원,국회,국회의원,송옥주,더불어민주당,3선,농림축산식품해양수산위원회,"973,658","704,861","787,977","890,542","-83,116","-1,120"
202503,151,RG972910,1.국회의원,국회,국회의원,송재봉,더불어민주당,초선,"산업통상자원중소벤처기업위원회, 기후위기 특별위원회, 정치개혁특별위원회","510,876","85,612","158,424","438,064","-72,812","-8,865"
202503,152,OWD1018N,1.국회의원,국회,국회의원,신동욱,국민의힘,초선,법제사법위원회,"2,998,726","935,006","670,600","3,263,132","264,406","-17,509"
202503,153,RMC1840P,1.국회의원,국회,국회의원,신성범,국민의힘,3선,"과학기술정보방송통신위원회, 정보위원회, 산불피해지원대책 특별위원회","1,260,956","121,689","40,088","1,342,557","81,601",-308
202503,154,AFH96856,1.국회의원,국회,국회의원,신영대,의원직상실,재선,의원직상실,"751,217","207,050","169,807","788,460","37,243","-4,691"
202503,155,NPD75153,1.국회의원,국회,국회의원,신장식,조국혁신당,초선,"국회운영위원회, 정무위원회","498,226","330,659","48,132","780,753","282,527",0
202503,156,M7O7878U,1.국회의원,국회,국회의원,신정훈,더불어민주당,3선,행정안전위원회,"490,046","73,899","231,294","332,651","-157,395","-3,101"
202503,157,TST4507I,1.국회의원,국회,국회의원,안규백,더불어민주당,5선,"윤석열정부의비상계엄선포를통한내란혐의진상규명국정조사특별위원회, 기획재정위원회, 재정경제기획위원회","6,902,238","2,601,133","2,634,518","6,868,853","-33,385","28,115"
202503,158,EB16073M,1.국회의원,국회,국회의원,안도걸,더불어민주당,초선,"기획재정위원회, 산불피해지원대책 특별위원회, 예산결산특별위원회, 재정경제기획위원회, 대미투자특별법 처리를 위한 특별위원회","3,592,626","315,549","79,051","3,829,124","236,498","12,225"
202503,159,PYA8594I,1.국회의원,국회,국회의원,안상훈,국민의힘,초선,"보건복지위원회, 연금개혁 특별위원회","6,766,134","1,310,346","1,032,411","7,044,069","277,935","-2,531"
202503,160,YOG1280B,1.국회의원,국회,국회의원,안철수,국민의힘,4선,외교통일위원회,"140,135,485","9,387,041","12,732,706","136,789,820","-3,345,665","-4,973,000"
202503,161,W8L9421K,1.국회의원,국회,국회의원,안태준,더불어민주당,초선,"국토교통위원회, 국회운영위원회","661,437","97,984","-3,525","762,946","101,509","-3,681"
202503,162,XEF29171,1.국회의원,국회,국회의원,안호영,더불어민주당,3선,기후에너지환경노동위원회,"874,292","268,828","184,132","958,988","84,696","-12,567"
202503,163,3OQ8273H,1.국회의원,국회,국회의원,양문석,더불어민주당,초선,문화체육관광위원회,"2,901,398","145,987","-72,741","3,120,126","218,728",0
202503,164,CK143054,1.국회의원,국회,국회의원,양부남,더불어민주당,초선,행정안전위원회,"8,433,653","950,410","846,235","8,537,828","104,175","-8,550"
202503,165,8FB1535Y,1.국회의원,국회,국회의원,어기구,더불어민주당,3선,농림축산식품해양수산위원회,"664,705","201,262","32,496","833,471","168,766","20,439"
202503,166,8348421R,1.국회의원,국회,국회의원,엄태영,국민의힘,재선,국토교통위원회,"1,112,799","241,373","222,759","1,131,413","18,614","-28,000"
202503,167,URX8075K,1.국회의원,국회,국회의원,염태영,더불어민주당,초선,"국토교통위원회, 기후위기 특별위원회, 12.29 여객기 참사 진상규명을 위한 국정조사특별위원회","1,974,527","610,274","441,405","2,143,396","168,869",-834
202503,168,OIA3741M,1.국회의원,국회,국회의원,오기형,더불어민주당,재선,"연금개혁 특별위원회, 재정경제기획위원회","1,840,120","519,533","474,035","1,885,618","45,498",-300
202503,169,BRU2690F,1.국회의원,국회,국회의원,오세희,더불어민주당,초선,산업통상자원중소벤처기업위원회,"8,417,680","5,777,171","5,935,197","8,259,654","-158,026","-21,321"
202503,170,GE71932C,1.국회의원,국회,국회의원,용혜인,기본소득당,재선,"행정안전위원회, 윤석열정부의비상계엄선포를통한내란혐의진상규명국정조사특별위원회","556,544","201,263","311,684","446,123","-110,421","-4,832"
202503,171,8UC4779G,1.국회의원,국회,국회의원,우재준,국민의힘,초선,"연금개혁 특별위원회, 기후에너지환경노동위원회, 예산결산특별위원회","2,481,950","37,181","3,567","2,515,564","33,614",-8
202503,172,RQQ3807K,1.국회의원,국회,국회의원,위성곤,더불어민주당,3선,"행정안전위원회, 기후위기 특별위원회","562,752","126,530","161,612","527,670","-35,082","-6,630"
202503,173,T9E37304,1.국회의원,국회,국회의원,위성락,사퇴,초선,사퇴,"6,076,340","757,935","1,169,322","5,664,953","-411,387","-23,904"
202503,174,GX38539O,1.국회의원,국회,국회의원,유동수,더불어민주당,3선,정무위원회,"3,906,064","1,205,449","971,892","4,139,621","233,557","-5,229"
202503,175,MU69217P,1.국회의원,국회,국회의원,유상범,국민의힘,재선,"순직 해병 수사 방해 및 사건 은폐 등의 진실규명을 위한 국정조사특별위원회, 기획재정위원회, 국회운영위원회, 재정경제기획위원회","3,551,093","426,798","168,886","3,809,005","257,912","-7,759"
202503,176,JZV5283U,1.국회의원,국회,국회의원,유영하,국민의힘,초선,"정무위원회, 2025 아시아태평양경제협력체(APEC) 정상회의 지원 특별위원회, 정보위원회","2,359,122","180,144","-3,406","2,542,672","183,550","-4,000"
202503,177,KBK8836C,1.국회의원,국회,국회의원,유용원,국민의힘,초선,"순직 해병 수사 방해 및 사건 은폐 등의 진실규명을 위한 국정조사특별위원회, 국방위원회","4,789,353","760,941","609,411","4,940,883","151,530","12,536"
202503,178,GP07421U,1.국회의원,국회,국회의원,윤건영,더불어민주당,재선,"행정안전위원회, 윤석열정부의비상계엄선포를통한내란혐의진상규명국정조사특별위원회, 정보위원회, 정치개혁특별위원회","1,074,045","248,124","-34,126","1,356,295","282,250",0
202503,179,MSY7784L,1.국회의원,국회,국회의원,윤상현,국민의힘,5선,기후에너지환경노동위원회,"24,055,232","4,229,385","10,563,562","17,721,055","-6,334,177","-6,188,951"
202503,180,9VR65006,1.국회의원,국회,국회의원,윤영석,국민의힘,4선,"연금개혁 특별위원회, 기획재정위원회, 재정경제기획위원회","1,198,649","211,954","-66,249","1,476,852","278,203","188,000"
202503,181,ZRF3039U,1.국회의원,국회,국회의원,윤재옥,국민의힘,4선,국토교통위원회,"2,449,305","641,383","349,716","2,740,972","291,667","128,893"
202503,182,MQK9493H,1.국회의원,국회,국회의원,윤종군,더불어민주당,초선,"국토교통위원회, 12.29여객기참사진상규명과피해자및유가족의피해구제를위한특별위원회","194,589","96,449","-206,615","497,653","303,064","-4,200"
202503,183,3TP65086,1.국회의원,국회,국회의원,윤종오,진보당,재선,"국토교통위원회, 국회운영위원회, 12.29 여객기 참사 진상규명을 위한 국정조사특별위원회","403,339","122,238","20,183","505,394","102,055","-26,848"
202503,184,JC14718Q,1.국회의원,국회,국회의원,윤준병,더불어민주당,재선,"농림축산식품해양수산위원회, 정치개혁특별위원회","1,625,153","423,370","223,161","1,825,362","200,209","2,681"
202503,185,8X15119P,1.국회의원,국회,국회의원,윤한홍,국민의힘,3선,정무위원회,"2,515,045","1,126,402","913,370","2,728,077","213,032",0
202503,186,M0A1658U,1.국회의원,국회,국회의원,윤호중,더불어민주당,5선,보건복지위원회,"2,013,899","537,609","390,395","2,161,113","147,214","-5,471"
202503,187,O7R5461J,1.국회의원,국회,국회의원,윤후덕,더불어민주당,4선,"외교통일위원회, 2025 아시아태평양경제협력체(APEC) 정상회의 지원 특별위원회, 예산결산특별위원회","2,935,384","1,187,116","755,813","3,366,687","431,303","227,430"
202503,188,AEO5706C,1.국회의원,국회,국회의원,이강일,더불어민주당,초선,"정무위원회, 예산결산특별위원회","2,673,019","1,645,689","1,719,288","2,599,420","-73,599",-332
202503,189,I7R13867,1.국회의원,국회,국회의원,이개호,더불어민주당,4선,보건복지위원회,"3,145,860","1,558,351","1,565,292","3,138,919","-6,941","-6,582"
202503,190,7YC6702R,1.국회의원,국회,국회의원,이건태,더불어민주당,초선,국토교통위원회,"4,650,316","717,691","519,286","4,848,721","198,405","23,031"
202503,191,95J3282H,1.국회의원,국회,국회의원,이광희,더불어민주당,초선,"행정안전위원회, 12.29 여객기 참사 진상규명을 위한 국정조사특별위원회","89,718","168,235","-24,000","281,953","192,235","-13,440"
202503,192,W3U3344O,1.국회의원,국회,국회의원,이기헌,더불어민주당,초선,"정보위원회, 국회운영위원회, 문화체육관광위원회, 감사원장(김호철) 임명동의에 관한 인사청문특별위원회","465,696","151,271","-60,867","677,834","212,138","-7,660"
202503,193,ROS6754L,1.국회의원,국회,국회의원,이달희,국민의힘,초선,"행정안전위원회, 12.29여객기참사진상규명과피해자및유가족의피해구제를위한특별위원회, 2025 아시아태평양경제협력체(APEC) 정상회의 지원 특별위원회, 산불피해지원대책 특별위원회, 성평등가족위원회, 12.29 여객기 참사 진상규명을 위한 국정조사특별위원회","1,122,695","295,853","315,267","1,103,281","-19,414","-11,434"
202503,194,OSV9142K,1.국회의원,국회,국회의원,이만희,국민의힘,3선,"2025 아시아태평양경제협력체(APEC) 정상회의 지원 특별위원회, 산불피해지원대책 특별위원회, 농림축산식품해양수산위원회","2,868,460","247,146","73,985","3,041,621","173,161","72,674"
202503,195,HFV52269,1.국회의원,국회,국회의원,이병진,의원직상실,초선,의원직상실,"-834,584","66,469","132,343","-900,458","-65,874",0
202503,196,W8W95421,1.국회의원,국회,국회의원,이상식,더불어민주당,초선,"행정안전위원회, 순직 해병 수사 방해 및 사건 은폐 등의 진실규명을 위한 국정조사특별위원회, 정치개혁특별위원회","7,064,785","572,626","1,019,079","6,618,332","-446,453","-11,160"
202503,197,8L52480G,1.국회의원,국회,국회의원,이상휘,국민의힘,초선,과학기술정보방송통신위원회,"1,469,090","1,032,275","836,210","1,665,155","196,065","399,431"
202503,198,WXJ8352N,1.국회의원,국회,국회의원,이성권,국민의힘,재선,"정보위원회, 행정안전위원회, 12.29여객기참사진상규명과피해자및유가족의피해구제를위한특별위원회, 예산결산특별위원회","1,183,541","133,305","51,387","1,265,459","81,918","-2,413"
202503,199,N2P9317N,1.국회의원,국회,국회의원,이성윤,더불어민주당,초선,법제사법위원회,"1,315,065","342,288","339,977","1,317,376","2,311","-31,030"
202503,200,WTR5885Y,1.국회의원,국회,국회의원,이소영,더불어민주당,재선,"기후위기 특별위원회, 예산결산특별위원회, 기획재정위원회, 재정경제기획위원회","873,180","440,342","269,920","1,043,602","170,422","20,000"
202503,201,0R68099X,1.국회의원,국회,국회의원,이수진,더불어민주당,재선,"보건복지위원회, 예산결산특별위원회, 연금개혁 특별위원회","866,987","696,722","442,781","1,120,928","253,941",800
202503,202,S9U45255,1.국회의원,국회,국회의원,이양수,국민의힘,3선,"정무위원회, 12.29 여객기 참사 진상규명을 위한 국정조사특별위원회","1,817,187","266,186","216,909","1,866,464","49,277","-53,109"
202503,203,JG77046J,1.국회의원,국회,국회의원,이언주,더불어민주당,3선,산업통상자원중소벤처기업위원회,"6,754,935","1,768,206","1,855,069","6,668,072","-86,863",-9
202503,204,EBH1101V,1.국회의원,국회,국회의원,이연희,더불어민주당,초선,"2025 아시아태평양경제협력체(APEC) 정상회의 지원 특별위원회, 국토교통위원회, 성평등가족위원회, 감사원장(김호철) 임명동의에 관한 인사청문특별위원회, 12.29 여객기 참사 진상규명을 위한 국정조사특별위원회","658,551","54,221","-49,316","762,088","103,537",21
202503,205,9JF4562W,1.국회의원,국회,국회의원,이용선,더불어민주당,재선,외교통일위원회,"1,104,551","124,829","82,201","1,147,179","42,628","11,976"
202503,206,6K79158C,1.국회의원,국회,국회의원,이용우,더불어민주당,초선,"기후에너지환경노동위원회, 국회운영위원회","1,755,493","185,054","377,658","1,562,889","-192,604",0
202503,207,DAV7257X,1.국회의원,국회,국회의원,이원택,더불어민주당,재선,"농림축산식품해양수산위원회, 산불피해지원대책 특별위원회","962,530","424,550","94,332","1,292,748","330,218","-1,420"
202503,208,DWK26447,1.국회의원,국회,국회의원,이인선,국민의힘,재선,"기획재정위원회, 2025 아시아태평양경제협력체(APEC) 정상회의 지원 특별위원회, 성평등가족위원회, 재정경제기획위원회","6,868,360","1,107,861","988,151","6,988,070","119,710","6,726"
202503,209,3ZR4438W,1.국회의원,국회,국회의원,이인영,더불어민주당,5선,"정무위원회, 정보위원회","1,357,878","576,779","604,386","1,330,271","-27,607","-26,260"
202503,210,3LP22204,1.국회의원,국회,국회의원,이재강,더불어민주당,초선,외교통일위원회,"291,013","92,035","68,209","314,839","23,826",0
202503,211,RKS3658I,1.국회의원,국회,국회의원,이재관,더불어민주당,초선,"예산결산특별위원회, 기후에너지환경노동위원회","946,015","100,744","20,656","1,026,103","80,088","-41,966"
202503,212,IUD9392R,1.국회의원,국회,국회의원,이재명,사퇴,재선,사퇴,"3,115,273","595,159","621,289","3,089,143","-26,130","67,340"
202503,213,UQ282145,1.국회의원,국회,국회의원,이재정,더불어민주당,3선,외교통일위원회,"753,412","65,854","36,577","782,689","29,277","-42,880"
202503,214,O0I2045I,1.국회의원,국회,국회의원,이정문,더불어민주당,재선,정무위원회,"472,031","12,968","5,803","479,196","7,165",-907
202503,215,5762459L,1.국회의원,국회,국회의원,이정헌,더불어민주당,초선,과학기술정보방송통신위원회,"1,257,376","682,849","575,542","1,364,683","107,307",341
202503,216,HSW1214Q,1.국회의원,국회,국회의원,이종배,국민의힘,4선,"예산결산특별위원회, 기후에너지환경노동위원회","2,931,845","862,466","586,136","3,208,175","276,330","164,163"
202503,217,NLS46526,1.국회의원,국회,국회의원,이종욱,국민의힘,초선,국토교통위원회,"2,806,622","516,426","373,732","2,949,316","142,694",-940
202503,218,WI719547,1.국회의원,국회,국회의원,이주영,개혁신당,초선,"보건복지위원회, 감사원장(김호철) 임명동의에 관한 인사청문특별위원회","6,871,246","463,470","1,104,822","6,229,894","-641,352","12,168"
202503,219,QWL7778X,1.국회의원,국회,국회의원,이준석,개혁신당,초선,과학기술정보방송통신위원회,"1,248,231","537,160","314,494","1,470,897","222,666","-3,420"
202503,220,TZP9391O,1.국회의원,국회,국회의원,이철규,국민의힘,3선,산업통상자원중소벤처기업위원회,"4,149,502","1,067,326","894,934","4,321,894","172,392","-18,467"
202503,221,V2R7430Z,1.국회의원,국회,국회의원,이춘석,무소속,4선,외교통일위원회,"427,729","131,176","84,633","474,272","46,543",0
202503,222,0698755I,1.국회의원,국회,국회의원,이해민,조국혁신당,초선,과학기술정보방송통신위원회,"5,638,245","1,678,686","1,631,392","5,685,539","47,294","-7,150"
202503,223,CCU1009B,1.국회의원,국회,국회의원,이해식,더불어민주당,재선,"행정안전위원회, 정치개혁특별위원회","1,721,490","1,032,477","315,790","2,438,177","716,687","-4,082"
202503,224,EVH1507C,1.국회의원,국회,국회의원,이헌승,국민의힘,4선,"정무위원회, 기후위기 특별위원회","5,370,151","-25,126","-373,269","5,718,294","348,143","423,620"
202503,225,2S73768V,1.국회의원,국회,국회의원,이훈기,더불어민주당,초선,"국회운영위원회, 예산결산특별위원회, 기획재정위원회, 과학기술정보방송통신위원회","588,393","196,661","-122,528","907,582","319,189",0
202503,226,B7789327,1.국회의원,국회,국회의원,인요한,사퇴,초선,사퇴,"1,170,393","348,172","68,791","1,449,774","279,381","-1,810"
202503,227,CST4991F,1.국회의원,국회,국회의원,임광현,사퇴,초선,사퇴,"2,477,661","740,808","620,130","2,598,339","120,678",0
202503,228,X639721U,1.국회의원,국회,국회의원,임미애,더불어민주당,초선,"농림축산식품해양수산위원회, 2025 아시아태평양경제협력체(APEC) 정상회의 지원 특별위원회, 산불피해지원대책 특별위원회, 예산결산특별위원회, 성평등가족위원회, 정치개혁특별위원회","1,531,686","515,040","480,504","1,566,222","34,536","-4,365"
202503,229,4T026790,1.국회의원,국회,국회의원,임오경,더불어민주당,재선,문화체육관광위원회,"956,217","116,857","-29,984","1,103,058","146,841",0
202503,230,EH27538E,1.국회의원,국회,국회의원,임이자,국민의힘,3선,"기후위기 특별위원회, 기획재정위원회, 재정경제기획위원회","1,108,972","209,184","107,296","1,210,860","101,888","-7,816"
202503,231,RAJ1024Z,1.국회의원,국회,국회의원,임종득,국민의힘,초선,"국방위원회, 윤석열정부의비상계엄선포를통한내란혐의진상규명국정조사특별위원회, 산불피해지원대책 특별위원회, 예산결산특별위원회, 정치개혁특별위원회","1,396,932","185,186","790,402","791,716","-605,216","-623,490"
202503,232,FH777496,1.국회의원,국회,국회의원,임호선,더불어민주당,재선,농림축산식품해양수산위원회,"2,701,996","482,117","359,984","2,824,129","122,133","52,960"
202503,233,RPN2293B,1.국회의원,국회,국회의원,장경태,더불어민주당,재선,"순직 해병 수사 방해 및 사건 은폐 등의 진실규명을 위한 국정조사특별위원회, 2025 아시아태평양경제협력체(APEC) 정상회의 지원 특별위원회, 법제사법위원회","723,602","535,469","408,276","850,795","127,193","1,643"
202503,234,KFM1081G,1.국회의원,국회,국회의원,장동혁,국민의힘,재선,"순직 해병 수사 방해 및 사건 은폐 등의 진실규명을 위한 국정조사특별위원회, 윤석열정부의비상계엄선포를통한내란혐의진상규명국정조사특별위원회, 산업통상자원중소벤처기업위원회","2,549,339","1,125,935","740,356","2,934,918","385,579","172,907"
202503,235,CIZ8557P,1.국회의원,국회,국회의원,장종태,더불어민주당,초선,보건복지위원회,"618,169","186,108","54,973","749,304","131,135",0
202503,236,2NV6751W,1.국회의원,국회,국회의원,장철민,더불어민주당,재선,"산업통상자원중소벤처기업위원회, 성평등가족위원회","890,783","46,036","3,958","932,861","42,078","30,998"
202503,237,TJW93720,1.국회의원,국회,국회의원,전용기,더불어민주당,재선,"국토교통위원회, 순직 해병 수사 방해 및 사건 은폐 등의 진실규명을 위한 국정조사특별위원회, 국회운영위원회","600,454","437,345","350,261","687,538","87,084",0
202503,238,9YO73104,1.국회의원,국회,국회의원,전재수,더불어민주당,3선,산업통상자원중소벤처기업위원회,"808,398","280,422","401,786","687,034","-121,364",0
202503,239,P8A4624C,1.국회의원,국회,국회의원,전종덕,진보당,초선,"농림축산식품해양수산위원회, 연금개혁 특별위원회, 예산결산특별위원회","429,795","119,717","18,754","530,758","100,963","5,201"
202503,240,QUR40502,1.국회의원,국회,국회의원,전진숙,더불어민주당,초선,"보건복지위원회, 12.29여객기참사진상규명과피해자및유가족의피해구제를위한특별위원회, 국회운영위원회, 성평등가족위원회, 12.29 여객기 참사 진상규명을 위한 국정조사특별위원회","348,899","69,437","-61,539","479,875","130,976",0
202503,241,25G2571T,1.국회의원,국회,국회의원,전현희,더불어민주당,3선,법제사법위원회,"2,530,949","264,567","190,541","2,604,975","74,026",0
202503,242,DAY6557K,1.국회의원,국회,국회의원,정동만,국민의힘,재선,산업통상자원중소벤처기업위원회,"1,567,635","409,717","238,068","1,739,284","171,649","-3,523"
202503,243,ARP89147,1.국회의원,국회,국회의원,정동영,더불어민주당,5선,"순직 해병 수사 방해 및 사건 은폐 등의 진실규명을 위한 국정조사특별위원회, 기획재정위원회, 과학기술정보방송통신위원회","2,242,152","622,724","320,616","2,544,260","302,108","97,598"
202503,244,CGW7415Z,1.국회의원,국회,국회의원,정성국,국민의힘,초선,"교육위원회, 12.29 여객기 참사 진상규명을 위한 국정조사특별위원회","106,350","-258,560","-361,670","209,460","103,110","5,488"
202503,245,V429892C,1.국회의원,국회,국회의원,정성호,더불어민주당,5선,재정경제기획위원회,"4,494,848","1,768,713","1,661,220","4,602,341","107,493","-15,697"
202503,246,8XE7026P,1.국회의원,국회,국회의원,정연욱,국민의힘,초선,문화체육관광위원회,"1,220,894","1,739,280","980,224","1,979,950","759,056","-1,860"
202503,247,NA61091D,1.국회의원,국회,국회의원,정을호,더불어민주당,초선,교육위원회,"2,332,269","410,769","417,487","2,325,551","-6,718","66,250"
202503,248,LT72093S,1.국회의원,국회,국회의원,정일영,더불어민주당,재선,"2025 아시아태평양경제협력체(APEC) 정상회의 지원 특별위원회, 재정경제기획위원회, 대미투자특별법 처리를 위한 특별위원회","2,489,926","1,085,867","908,121","2,667,672","177,746","60,964"
202503,249,LJK4960Z,1.국회의원,국회,국회의원,정점식,국민의힘,3선,"국토교통위원회, 예산결산특별위원회, 감사원장(김호철) 임명동의에 관한 인사청문특별위원회","9,443,030","7,207,688","6,734,532","9,916,186","473,156","-15,088"
202503,250,IC499858,1.국회의원,국회,국회의원,정준호,더불어민주당,초선,"국토교통위원회, 12.29여객기참사진상규명과피해자및유가족의피해구제를위한특별위원회, 12.29 여객기 참사 진상규명을 위한 국정조사특별위원회","-588,085","-575,212","-34,963","-1,128,334","-540,249",0
202503,251,9HE7226N,1.국회의원,국회,국회의원,정진욱,더불어민주당,초선,"산업통상자원중소벤처기업위원회, 예산결산특별위원회, 대미투자특별법 처리를 위한 특별위원회","1,536,388","81,416","103,685","1,514,119","-22,269",-995
202503,252,2385336L,1.국회의원,국회,국회의원,정청래,더불어민주당,4선,국방위원회,"1,519,731","225,632","34,327","1,711,036","191,305","4,840"
202503,253,XG348314,1.국회의원,국회,국회의원,정춘생,조국혁신당,초선,"행정안전위원회, 성평등가족위원회, 정치개혁특별위원회","1,100,242","95,717","141,900","1,054,059","-46,183",-189
202503,254,UHB5553T,1.국회의원,국회,국회의원,정태호,더불어민주당,재선,"기획재정위원회, 재정경제기획위원회, 대미투자특별법 처리를 위한 특별위원회","2,989,832","645,417","41,300","3,593,949","604,117","28,647"
202503,255,BNV6535N,1.국회의원,국회,국회의원,정혜경,진보당,초선,기후에너지환경노동위원회,"229,679","-27,962","27,559","174,158","-55,521","-1,057"
202503,256,PFG2137X,1.국회의원,국회,국회의원,정희용,국민의힘,재선,농림축산식품해양수산위원회,"1,081,711","188,746","22,676","1,247,781","166,070","12,501"
202503,257,5KV82250,1.국회의원,국회,국회의원,조경태,국민의힘,6선,농림축산식품해양수산위원회,"1,633,099","203,590","31,939","1,804,750","171,651","58,000"
202503,258,8TU8443O,1.국회의원,국회,국회의원,조계원,더불어민주당,초선,"문화체육관광위원회, 예산결산특별위원회","693,653","-204,467","-387,162","876,348","182,695",-210
202503,259,IWK63872,1.국회의원,국회,국회의원,조배숙,국민의힘,5선,"법제사법위원회, 예산결산특별위원회","3,088,349","387,132","353,529","3,121,952","33,603",-527
202503,260,FYI20317,1.국회의원,국회,국회의원,조승래,더불어민주당,3선,"기획재정위원회, 재정경제기획위원회","1,080,591","227,808","241,569","1,066,830","-13,761","43,914"
202503,261,ME83002L,1.국회의원,국회,국회의원,조승환,국민의힘,초선,"농림축산식품해양수산위원회, 정치개혁특별위원회","468,342","17,202","-200,039","685,583","217,241",0
202503,262,MQU41854,1.국회의원,국회,국회의원,조은희,국민의힘,재선,"기후위기 특별위원회, 문화체육관광위원회, 예산결산특별위원회, 성평등가족위원회","4,470,553","475,949","360,484","4,586,018","115,465","6,326"
202503,263,ZKB18611,1.국회의원,국회,국회의원,조인철,더불어민주당,초선,"2025 아시아태평양경제협력체(APEC) 정상회의 지원 특별위원회, 과학기술정보방송통신위원회","1,761,490","333,649","91,988","2,003,151","241,661",1
202503,264,IN328264,1.국회의원,국회,국회의원,조정식,더불어민주당,6선,외교통일위원회,"1,376,095","353,254","231,555","1,497,794","121,699","18,000"
202503,265,WJL30106,1.국회의원,국회,국회의원,조정훈,국민의힘,재선,"교육위원회, 2025 아시아태평양경제협력체(APEC) 정상회의 지원 특별위원회, 예산결산특별위원회","1,439,787","58,367","130,525","1,367,629","-72,158","2,630"
202503,266,3NI5978A,1.국회의원,국회,국회의원,조지연,국민의힘,초선,"기후위기 특별위원회, 예산결산특별위원회, 국회운영위원회, 기후에너지환경노동위원회","161,303","12,003","-38,185","211,491","50,188",0
202503,267,GJK57930,1.국회의원,국회,국회의원,주진우,국민의힘,초선,"법제사법위원회, 순직 해병 수사 방해 및 사건 은폐 등의 진실규명을 위한 국정조사특별위원회, 윤석열정부의비상계엄선포를통한내란혐의진상규명국정조사특별위원회, 감사원장(김호철) 임명동의에 관한 인사청문특별위원회","6,776,377","708,197","465,038","7,019,536","243,159","36,806"
202503,268,T465023H,1.국회의원,국회,국회의원,주철현,더불어민주당,재선,농림축산식품해양수산위원회,"3,245,376","760,655","499,349","3,506,682","261,306","197,437"
202503,269,68P7228G,1.국회의원,국회,국회의원,진선미,더불어민주당,4선,교육위원회,"-894,600","27,980","-5,936","-860,684","33,916",-640
202503,270,3C23171A,1.국회의원,국회,국회의원,진성준,더불어민주당,3선,"기획재정위원회, 재정경제기획위원회, 대미투자특별법 처리를 위한 특별위원회","904,399","880,504","670,877","1,114,026","209,627","-15,113"
202503,271,QDU1100U,1.국회의원,국회,국회의원,진종오,국민의힘,초선,문화체육관광위원회,"2,395,204","1,820,979","1,201,225","3,014,958","619,754","-2,259"
202503,272,KNP22261,1.국회의원,국회,국회의원,차규근,조국혁신당,초선,"기획재정위원회, 산불피해지원대책 특별위원회, 재정경제기획위원회, 대미투자특별법 처리를 위한 특별위원회","1,186,213","114,930","-25,263","1,326,406","140,193","-1,852"
202503,273,RC885085,1.국회의원,국회,국회의원,차지호,더불어민주당,초선,"기후위기 특별위원회, 예산결산특별위원회, 외교통일위원회","-38,059","85,959","9,724","38,176","76,235",0
202503,274,1S05899F,1.국회의원,국회,국회의원,채현일,더불어민주당,초선,"행정안전위원회, 성평등가족위원회","356,184","78,010","35,910","398,284","42,100",0
202503,275,A494529E,1.국회의원,국회,국회의원,천준호,더불어민주당,재선,"국토교통위원회, 국회운영위원회","1,388,569","362,346","382,070","1,368,845","-19,724","-9,000"
202503,276,YGB8604T,1.국회의원,국회,국회의원,천하람,개혁신당,초선,"기획재정위원회, 예산결산특별위원회, 재정경제기획위원회","809,251","220,059","236,026","793,284","-15,967","-10,701"
202503,277,I5I2468R,1.국회의원,국회,국회의원,최기상,더불어민주당,재선,"기획재정위원회, 예산결산특별위원회, 재정경제기획위원회","1,806,323","27,324","-236,635","2,070,282","263,959","105,159"
202503,278,YS38221N,1.국회의원,국회,국회의원,최민희,더불어민주당,재선,과학기술정보방송통신위원회,"1,521,819","48,010","155,320","1,414,509","-107,310","3,298"
202503,279,UOS16250,1.국회의원,국회,국회의원,최보윤,국민의힘,초선,보건복지위원회,"1,716,602","739,034","651,246","1,804,390","87,788",0
202503,280,WJG74792,1.국회의원,국회,국회의원,최수진,국민의힘,초선,"과학기술정보방송통신위원회, 국회운영위원회","6,178,591","1,640,648","1,590,733","6,228,506","49,915","14,869"
202503,281,UF53617M,1.국회의원,국회,국회의원,최은석,국민의힘,초선,"기획재정위원회, 재정경제기획위원회","11,016,541","3,580,649","2,953,257","11,643,933","627,392","-4,146"
202503,282,A0P4646G,1.국회의원,국회,국회의원,최형두,국민의힘,재선,"과학기술정보방송통신위원회, 예산결산특별위원회","1,792,845","292,810","129,902","1,955,753","162,908",0
202503,283,G152611B,1.국회의원,국회,국회의원,추경호,국민의힘,3선,정무위원회,"4,252,392","251,281","64,759","4,438,914","186,522","38,398"
202503,284,URV1689Q,1.국회의원,국회,국회의원,추미애,더불어민주당,6선,"윤석열정부의비상계엄선포를통한내란혐의진상규명국정조사특별위원회, 법제사법위원회","1,916,746","-196,494","33,220","1,687,032","-229,714","-17,688"
202503,285,JQA21112,1.국회의원,국회,국회의원,한기호,국민의힘,4선,"국방위원회, 윤석열정부의비상계엄선포를통한내란혐의진상규명국정조사특별위원회, 예산결산특별위원회","3,090,259","1,188,006","246,516","4,031,749","941,490","789,800"
202503,286,8JG4358H,1.국회의원,국회,국회의원,한민수,더불어민주당,초선,"기획재정위원회, 과학기술정보방송통신위원회","1,033,335","1,057,590","787,616","1,303,309","269,974","-2,647"
202503,287,H5476989,1.국회의원,국회,국회의원,한병도,더불어민주당,3선,"윤석열정부의비상계엄선포를통한내란혐의진상규명국정조사특별위원회, 예산결산특별위원회, 국회운영위원회, 정보위원회, 산업통상자원중소벤처기업위원회","1,247,770","825,092","663,896","1,408,966","161,196","1,638"
202503,288,XPP2564T,1.국회의원,국회,국회의원,한정애,더불어민주당,4선,외교통일위원회,"1,375,721","156,095","136,084","1,395,732","20,011","-2,281"
202503,289,BCQ55105,1.국회의원,국회,국회의원,한준호,더불어민주당,재선,국토교통위원회,"593,410","-33,209","-36,628","596,829","3,419","-27,666"
202503,290,Q918403D,1.국회의원,국회,국회의원,한지아,국민의힘,초선,"보건복지위원회, 성평등가족위원회","11,071,758","2,120,431","6,914,488","6,277,701","-4,794,057","6,253"
202503,291,T4I4862D,1.국회의원,국회,국회의원,한창민,사회민주당,초선,정무위원회,"-158,725","91,250","-145,371","77,896","236,621","-4,200"
202503,292,HHB5652A,1.국회의원,국회,국회의원,허성무,더불어민주당,초선,"산업통상자원중소벤처기업위원회, 2025 아시아태평양경제협력체(APEC) 정상회의 지원 특별위원회, 산불피해지원대책 특별위원회, 예산결산특별위원회","2,516,011","429,976","180,258","2,765,729","249,718","-20,729"
202503,293,FU53642G,1.국회의원,국회,국회의원,허영,더불어민주당,재선,"정무위원회, 대미투자특별법 처리를 위한 특별위원회","1,816,098","813,670","916,503","1,713,265","-102,833","-5,911"
202503,294,VCP96419,1.국회의원,국회,국회의원,허종식,더불어민주당,재선,기후에너지환경노동위원회,"812,832","685,937","583,749","915,020","102,188","-6,560"
202503,295,5MD4184K,1.국회의원,국회,국회의원,홍기원,더불어민주당,재선,"외교통일위원회, 2025 아시아태평양경제협력체(APEC) 정상회의 지원 특별위원회","2,610,568","343,399","446,873","2,507,094","-103,474","-18,155"
202503,296,RJH6314D,1.국회의원,국회,국회의원,황명선,더불어민주당,초선,"순직 해병 수사 방해 및 사건 은폐 등의 진실규명을 위한 국정조사특별위원회, 국방위원회","447,363","130,473","64,908","512,928","65,565",3
202503,297,0YT3774N,1.국회의원,국회,국회의원,황운하,조국혁신당,재선,국토교통위원회,"1,268,583","262,731","156,275","1,375,039","106,456","80,891"
202503,298,T6A6557F,1.국회의원,국회,국회의원,황정아,더불어민주당,초선,"과학기술정보방송통신위원회, 예산결산특별위원회","2,220,823","575,420","151,449","2,644,794","423,971",-21
202503,299,0VU8517U,1.국회의원,국회,국회의원,황희,더불어민주당,3선,국방위원회,"762,045","134,036","160,448","735,633","-26,412","-2,430"
202503,300,,2.국회사무처,국회,국회사무총장,김민기,,,,"597,969","285,304","395,035","488,238","-109,731","-2,880"
202503,301,,2.국회사무처,국회,입법차장,진선희,,,,"3,256,412","2,479,320","2,660,152","3,075,580","-180,832","-15,841"
202503,302,,2.국회사무처,국회,사무차장,박태형,,,,"3,006,004","407,398","358,269","3,055,133","49,129","-9,418"
202503,303,,2.국회사무처,국회,의장비서실장,조오섭,,,,"497,333","127,557","278,250","346,640","-150,693","9,500"
202503,304,,2.국회사무처,국회,수석전문위원,김상수,,,,"2,560,668","-35,535","32,377","2,492,756","-67,912","-19,990"
202503,305,,2.국회사무처,국회,수석전문위원,정환철,,,,"154,990","107,502","90,656","171,836","16,846",-735
202503,306,,2.국회사무처,국회,수석전문위원,최병권,,,,"169,339","256,640","241,004","184,975","15,636","-4,000"
202503,307,,2.국회사무처,국회,수석전문위원,천우정,,,,"1,308,456","-753,933","-814,344","1,368,867","60,411",0
202503,308,,2.국회사무처,국회,수석전문위원,이복우,,,,"2,688,009","178,768","156,680","2,710,097","22,088","-9,102"
202503,309,,2.국회사무처,국회,수석전문위원,오명호,,,,"-390,090","66,884","62,497","-385,703","4,387","-1,250"
202503,310,,2.국회사무처,국회,수석전문위원,유상조,,,,"1,295,715","1,733,251","199,020","2,829,946","1,534,231","-71,123"
202503,311,,2.국회사무처,국회,수석전문위원,김건오,,,,"2,079,999","612,383","302,386","2,389,996","309,997","179,123"
202503,312,,2.국회사무처,국회,수석전문위원,최용훈,,,,"1,988,686","1,327,851","191,394","3,125,143","1,136,457","-13,306"
202503,313,,2.국회사무처,국회,수석전문위원,박희석,,,,"3,561,066","848,534","834,171","3,575,429","14,363","-93,015"
202503,314,,2.국회사무처,국회,수석전문위원,이지민,,,,"1,926,310","233,900","137,585","2,022,625","96,315","-2,265"
202503,315,,2.국회사무처,국회,수석전문위원,신항진,,,,"432,815","235,594","84,087","584,322","151,507",-674
202503,316,,2.국회사무처,국회,수석전문위원,박재유,,,,"2,012,343","-1,109,443","-963,523","1,866,423","-145,920","-25,810"
202503,317,,2.국회사무처,국회,수석전문위원,송수환,,,,"508,079","-43,841","-83,215","547,453","39,374","-2,551"
202503,318,,2.국회사무처,국회,수석전문위원,이옥순,,,,"1,236,294","180,388","119,713","1,296,969","60,675",-350
202503,319,,2.국회사무처,국회,수석전문위원,이신우,,,,"2,120,898","912,643","582,287","2,451,254","330,356","9,514"
202503,320,,2.국회사무처,국회,수석비서관,곽현,,,,"627,716","193,717","105,653","715,780","88,064","-2,137"
202503,321,,2.국회사무처,국회,수석비서관,이원정,,,,"640,942","112,309","61,678","691,573","50,631",155
202503,322,,2.국회사무처,국회,수석비서관,박태서,,,,"1,373,270","71,664","10,012","1,434,922","61,652","3,199"
202503,323,,2.국회사무처,국회,수석비서관,김연광,,,,"2,248,218","260,331","112,305","2,396,244","148,026","160,000"
202503,324,,2.국회사무처,국회,정책연구위원,김종수,,,,"319,032","62,506","-6,483","388,021","68,989","-3,000"
202503,325,,2.국회사무처,국회,정책연구위원,박성은,,,,"2,267,829","307,500","437,463","2,137,866","-129,963","-89,021"
202503,326,,2.국회사무처,국회,정책연구위원,이상현,,,,"762,179","266,335","362,095","666,419","-95,760",-20
202503,327,,2.국회사무처,국회,정책연구위원,홍지숙,,,,"1,057,405","108,250","109,016","1,056,639",-766,-662
202503,328,,2.국회사무처,국회,정책연구위원,김인영,,,,"935,620","265,184","25,611","1,175,193","239,573","2,774"
202503,329,,2.국회사무처,국회,정책연구위원,박덕제,,,,"1,351,540","110,788","115,676","1,346,652","-4,888","-2,086"
202503,330,,2.국회사무처,국회,법제실장,박철호,,,,"1,295,960","-441,554","111,530","742,876","-553,084","979,383"
202503,331,,3.국회도서관,국회,의회정보실장,현은희,,,,"1,952,008","79,130","30,716","2,000,422","48,414",941
202503,332,,3.국회도서관,국회,법률정보실장,장지원,,,,"1,941,672","278,883","205,105","2,015,450","73,778","-4,828"
202503,333,,4.국회예산정책처,국회,예산분석실장,김경호,,,,"1,412,059","109,031","-6,267","1,527,357","115,298",-320
202503,334,,5.국회입법조사처,국회,정치행정조사실장,정순임,,,,"5,161,897","969,166","879,084","5,251,979","90,082","-1,452"
202503,335,,5.국회입법조사처,국회,경제산업조사실장,강종석,,,,"667,653","133,539","-78,429","879,621","211,968","10,328"